,INDEX,PREVIOUS CLOSE,OPEN,HIGH,LOW,CLOSE,GAIN/LOSS,GAIN/LOSS LOG
28,Nifty PSU Bank,2315.2,2320.95,2474.0,2311.3,2450.9,135.7,0.082
40,Nifty50 Div Point,93.26,97.72,97.72,97.72,97.72,4.46,0.067
33,Nifty Media,1668.9,1669.65,1711.05,1660.95,1705.35,36.45,0.031
42,Nifty CPSE,1747.3,1738.65,1769.05,1727.45,1765.05,17.75,0.015
23,Nifty Energy,18129.3,18066.65,18347.7,17988.75,18305.45,176.15,0.014
45,Nifty50 PR 1x Inv,286.7,287.35,289.4,286.75,288.7,2.0,0.01
47,Nifty50 TR 1x Inv,248.7,249.15,250.95,248.65,250.3,1.6,0.009
27,Nifty PSE,3050.65,3031.1,3073.35,3015.8,3068.6,17.95,0.008
22,Nifty Infra,4177.6,4174.95,4209.65,4167.75,4195.35,17.75,0.006
7,NIFTY SMLCAP 250,6748.15,6752.65,6802.5,6744.45,6773.9,25.75,0.005
20,Nifty Midcap 50,6885.5,6876.05,6945.75,6862.15,6907.6,22.1,0.005
8,NIFTY MIDSML 400,8062.5,8067.35,8120.5,8056.95,8088.25,25.75,0.005
17,NIFTY MIDCAP 100,23316.5,23318.85,23497.25,23284.7,23388.3,71.8,0.004
5,NIFTY MIDCAP 150,8794.3,8799.3,8854.8,8786.45,8819.95,25.65,0.004
31,Nifty Auto,10944.9,10914.2,11008.4,10880.5,10975.45,30.55,0.004
15,Nifty Next 50,35133.2,35179.95,35326.1,35039.1,35205.15,71.95,0.003
32,Nifty Metal,3570.15,3561.5,3590.85,3533.75,3576.05,5.9,0.002
6,NIFTY SMLCAP 50,4096.7,4104.85,4118.6,4079.5,4101.7,5.0,0.002
37,Nifty Commodities,4221.95,4206.6,4238.7,4198.75,4226.95,5.0,0.002
49,Nifty Mid Liq 15,6034.3,6022.55,6080.6,6010.8,6039.15,4.85,0.001
34,NIFTY SMLCAP 100,7974.95,7982.2,8020.35,7950.1,7977.45,2.5,0.0
2,NIFTY100 EQL Wgt,17181.25,17166.45,17249.95,17106.5,17175.9,-5.35,-0.0
53,Nifty GS 10Yr,2022.67,2023.0,2023.85,2020.21,2021.83,-0.84,-0.001
54,Nifty GS 10Yr Cln,955.81,955.81,956.22,954.47,955.25,-0.56,-0.001
4,NIFTY Alpha 50,21498.9,21558.3,21621.85,21417.3,21484.75,-14.15,-0.001
36,Nifty Div Opps 50,3015.4,3006.9,3019.7,2997.6,3012.8,-2.6,-0.001
52,Nifty GS 8 13Yr,2232.77,2233.14,2233.14,2230.51,2230.51,-2.26,-0.001
56,Nifty GS 11 15Yr,2385.26,2385.69,2385.69,2382.57,2382.57,-2.69,-0.002
58,Nifty GS Compsite,2273.72,2274.1,2274.1,2270.79,2270.79,-2.93,-0.002
55,Nifty GS 4 8Yr,2376.73,2377.1,2377.11,2373.37,2373.37,-3.36,-0.002
57,Nifty GS 15YrPlus,2626.14,2626.63,2626.63,2621.73,2621.73,-4.41,-0.002
41,Nifty100 Liq 15,3859.65,3860.8,3876.35,3834.65,3848.8,-10.85,-0.004
25,Nifty MNC,16199.45,16185.6,16195.95,16083.65,16146.65,-52.8,-0.005
1,NIFTY50 EQL Wgt,16266.75,16223.1,16288.85,16145.65,16203.9,-62.85,-0.006
3,NIFTY100 LowVol30,11434.1,11417.1,11433.0,11344.3,11389.6,-44.5,-0.006
18,Nifty 500,12647.2,12631.1,12669.85,12561.55,12597.45,-49.75,-0.006
48,Nifty50 Value 20,7328.5,7316.45,7331.25,7274.35,7295.0,-33.5,-0.007
35,Nifty 200,7928.05,7916.05,7938.7,7868.65,7891.25,-36.8,-0.007
38,Nifty Consumption,6138.65,6125.3,6134.2,6094.0,6109.55,-29.1,-0.007
16,Nifty Bank,37098.4,37041.95,37331.45,36764.25,36910.95,-187.45,-0.007
19,Nifty 100,15406.0,15379.3,15413.9,15275.7,15318.5,-87.5,-0.008
24,Nifty FMCG,33724.5,33681.1,33726.9,33418.05,33519.55,-204.95,-0.009
21,Nifty Realty,356.8,356.3,358.0,352.95,354.5,-2.3,-0.009
9,NIFTY200 QUALTY30,12540.25,12515.2,12522.15,12423.45,12458.25,-82.0,-0.009
0,Nifty 50,15313.45,15279.9,15314.3,15170.75,15208.9,-104.55,-0.01
13,Nifty100ESGSecLdr,2592.4,2588.3,2591.35,2570.1,2574.3,-18.1,-0.01
51,NIFTY100 Qualty30,3428.05,3423.3,3428.0,3393.15,3402.05,-26.0,-0.011
12,Nifty200Momentm30,14922.65,14901.3,14950.55,14749.7,14801.95,-120.7,-0.012
10,Nifty FinSrv25 50,16928.35,16878.3,16964.05,16741.25,16785.9,-142.45,-0.012
11,NIFTY AlphaLowVol,14226.05,14221.25,14240.8,14073.85,14100.25,-125.8,-0.013
29,Nifty Serv Sector,21924.7,21895.95,21933.8,21680.5,21724.2,-200.5,-0.013
50,Nifty Pvt Bank,19777.35,19756.55,19821.5,19528.3,19589.2,-188.15,-0.014
39,Nifty Fin Service,17448.3,17392.0,17457.45,17218.45,17255.6,-192.7,-0.016
30,India VIX,21.78,21.78,21.88,21.098,21.505,-0.275,-0.018
43,Nifty GrowSect 15,7618.45,7590.85,7597.05,7503.95,7521.6,-96.85,-0.018
14,Nifty IT,25613.95,25610.4,25672.25,25234.7,25282.95,-331.0,-0.019
46,Nifty50 TR 2x Lev,9595.65,9558.5,9600.6,9422.15,9469.5,-126.15,-0.019
44,Nifty50 PR 2x Lev,7212.25,7180.15,7211.75,7077.65,7113.25,-99.0,-0.02
26,Nifty Pharma,12804.15,12794.9,12837.1,12551.25,12584.35,-219.8,-0.025
